출원번호,출원일,사무소,대리인,MainCPC,발명명칭
1020250069781,20250528,김앤장,이석재,,영상기기 삽입형 상부 개폐용 칠판
1020250068973,20250527,김앤장,김기호,,안마 기능이 구비된 슬라이딩 소파¶안마 기능이 구비된 슬라이딩 소파{Sliding sofa with massage function}
1020250068270,20250526,김앤장,이재훈,,2중계 무절연 가청주파수 궤도회로 장치 및 이를 이용한 열차 점유 검지 방법¶2중계 무절연 가청주파수 궤도회로 장치 및 이를 이용한 열차 점유 검지 방법{Two-stream insulation-free audible frequency trajectory circuit device and a train occupancy detection method using it}
1020250068250,20250526,김앤장,이재훈,,2중계 무절연 AF 궤도회로 및 이를 이용한 모니터링 방법¶2중계 무절연 AF 궤도회로 및 이를 이용한 모니터링 방법{Two-stream insulation-free audible frequency trajectory circuit device and a train occupancy detection method using it}
1020250056117,20250429,김앤장,김현진,,격자형 낙뢰예상시스템
1020250055454,20250428,김앤장,김기호,,관로 및 선로 유지관리가 용이한 보도교
1020250045866,20250409,김앤장,김현진,,제어함체의 유지관리를 위한 보안화 시스템
1020250043415,20250403,김앤장,김현진,,무선통신시스템 구축/유지보수를 위한 통합관리시스템¶무선통신시스템 구축/유지보수를 위한 통합관리시스템{An Intergrated Control System for Constructing and Managing Wireless Communication System}
1020250042688,20250402,김앤장,이정석,,블록체인에 기반하여 장애인 활동 지원 제도에서의 부정 수급을 방지하기 위한 장치 및 방법
1020250037911,20250325,김앤장,김현진,,실내 순환 공조기능을 가진 ESS시스템
1020250035362,20250319,김앤장,조경화,,자동 주수 시스템¶자동 주수 시스템{Automated Water Injection System}
1020250027306,20250304,김앤장,김기호,,교량 신축이음부 연동형 배수설비
1020250023388,20250224,김앤장,이정석,,보안 규격 준수 평가를 자동화하는 장치 및 방법
1020250021589,20250219,김앤장,김현진,,스트링별 릴레이 제어가 가능한 태양광발전시스템
1020250019059,20250214,김앤장,이승현,,다중압착구조 단열 미서기 창호
1020250016419,20250210,김앤장,이승희,,콘크리트 구조물의 중성화 측정장치
1020250016414,20250210,김앤장,이승희,,슈미트 해머 타격점 표시장치
1020250010357,20250123,김앤장,김기호,,시공이 용이한 부착형 차량용 LED 교통 신호등
1020250010058,20250123,김앤장,김성환,,"LNG 선박 화물창의 1차 방벽 용접부에 대한 기밀측정용 베큠박스 및 이를 이용한 기밀측정 시스템¶LNG 선박 화물창의 1차 방벽 용접부에 대한 기밀측정용 베큠박스 및 이를 이용한 기밀측정 시스템{Vacuum box for airtight measurement on the welding part of the primary barrier for cargo hold of LNG ship, and the airtight measurement system using thereof}"
1020250009540,20250122,김앤장,이호준,,지리시간적 정보를 활용한 다국어 번역 시스템
1020250003486,20250109,김앤장,이승현,,변형 방지 보강 및 유지 보수가 용이한 구조를 갖는 데크 시스템과 이의 시공방법
1020250003324,20250109,김앤장,김기호,,철도 분기기 교체 시공방법
1020250001380,20250106,김앤장,김기호,,공간 효율이 향상된 폐수 처리 시스템
1020240194093,20241223,김앤장,이재훈,,지장물 검지장치에 의한 RBC의 이동권한 제한 시스템 및 방법
1020240194054,20241223,김앤장,이재훈,,KTCS-2 RBC간 핸드오버 시 링킹정보를 활용한 이동권한 생성 장치 및 방법
1020240193053,20241220,김앤장,이호준,,시각적 데이터 활용 인공지능 기반 다국어 대응 시스템
1020240190656,20241219,김앤장,김현진,,방수형 태양광발전장치¶방수형 태양광발전장치{A Waterproof Type Photovoltaic Device}
1020240188076,20241217,김앤장,이호준,,인공지능 모델의 학습을 위한 클라우드 기반의 문서 관리 시스템¶인공지능 모델의 학습을 위한 클라우드 기반의 문서 관리 시스템{CLOUD BASED DOCUMENT MANAGEMENT SYSTEM FOR TRANING ARTIFICIAL INTELLIGENCE MODELS}
1020240184814,20241212,김앤장,김기호,,안마모듈의 교체 및 운송이 용이한 마사지 침대 매트리스
1020240179658,20241205,김앤장,이승현,,차량 화재 소화장치
1020240179428,20241205,김앤장,김기호,,마사지 기능이 구비된 침대 매트리스
1020240177061,20241203,김앤장,이재훈,,입제 살포기
1020240176503,20241202,김앤장,이재훈,,가상블럭을 활용한 이동권한 생성 시스템 및 방법
1020240170340,20241126,김앤장,이재훈,,AI 기반 광섬유 분포 음향 계측 기술과 PTZ CCTV 기술을 활용한 경계 침입 감시 시스템 및 방법
1020240168043,20241122,김앤장,이승현,,수납가구 및 이의 조립방법
1020240167890,20241121,김앤장,이석재,,확산 방지 기능을 갖는 파티클 제거 장치
1020240158886,20241111,김앤장,이승현,,내화피복재 조성물
1020240157760,20241108,김앤장,이재훈,,냉장고 레일 보관용 포장 박스
1020240156627,20241106,김앤장,이호준,,데이터 센터를 위한 외기 냉각 시스템
1020240150653,20241030,김앤장,이승현,,드릴파이프 교정장치
1020240147229,20241025,김앤장,이재훈,,액침 냉각 방식 에너지 저장 장치 함체
1020240146657,20241024,김앤장,이승현,,연약지반 드레인보드의 코어구조
1020240143906,20241021,김앤장,김기호,,바닥형 보행신호등 표출부에 LED광원을 이용한 광섬유 바닥형 신호등 시스템
1020240141027,20241016,김앤장,김현진,,스트링 특성을 활용한 태양광 발전 감시시스템
1020240141026,20241016,김앤장,김현진,,절연저항을 이용한 화재진단시스템
1020240141025,20241016,김앤장,김현진,,태양광모듈 불평형 진단시스템
1020240137757,20241010,김앤장,이석재,,전기차 화재 확산 방지용 내열 방화벽
1020240136579,20241008,김앤장,조경화,,식판 자동 세척장치
1020240135754,20241007,김앤장,김기호,,부유식 수상 태양광 계류 시스템
1020240134659,20241004,김앤장,이재훈,,가진원을 갖는 광센서 복합형 고장진단 장치 및 그 방법¶가진원을 갖는 광센서 복합형 고장진단 장치 및 그 방법{Optical sensor composite fault diagnosis device with an excitation source and its method}
1020240132832,20240930,김앤장,김성남,,이온 펄스 에어 분사 장치 및 이를 이용한 건식 세정 시스템 및 방법
1020240127019,20240920,김앤장,이승현,,배터리팩 소화장치와 이를 이용한 배터리팩 소화 및 격리방법
1020240122768,20240910,김앤장,이재훈,,재난안전 침입감시 시스템 및 이를 이용한 침입 감시 방법
1020240122761,20240910,김앤장,이재훈,,핸드캐리용 DAS 시스템 및 이의 운용 방법
1020240122758,20240910,김앤장,이재훈,,현장 맞춤 이동형 스마트 안전정밀진단 센서 스테이션 및 작동 방법¶현장 맞춤 이동형 스마트 안전정밀진단 센서 스테이션 및 작동 방법{Site customized smart safety precision diagnosis sensor station and the method of it}
1020240121976,20240908,김앤장,김지우,,안정화된 펩타이드 액상 조성물
1020240120852,20240905,김앤장,이호준,,데이터 센터의 전력 설비 복구 방법
2020240001613,20240831,김앤장,김성환,,2개의 접시스프링을 체결한 사이리스터 고정장치
1020240111087,20240820,김앤장,이재훈,,실린더 블록 헤드볼트의 볼트홀 복원방법
1020240109035,20240814,김앤장,이재훈,,즉석조리용 컵순대국의 제조방법 및 이에 의해 제조된 즉석조리용 컵순대국
1020240107417,20240812,김앤장,이재훈,,소시지형 순대의 제조방법 및 이에 의해 제조된 소시지형 순대
1020240106815,20240809,김앤장,이호준,,이미지에 대한 검색 엔진 최적화 방법
1020240106675,20240809,김앤장,김시연,,"이차전지용 전해액 첨가제, 이를 포함하는 리튬 이차전지용 비수 전해액, 및 이를 포함하는 리튬 이차전지"
1020240105223,20240807,김앤장,이석재,,중량 계측 장치의 기준값 갱신을 통한 계측 정밀도 증대 시스템 및 방법
1020240105187,20240807,김앤장,이재훈,,누설인덕턴스 전류 변화를 이용한 제어를 통한 DAB 컨버터 내부 자성부품 파라미터 계산 시스템 및 이를 이용한 계산 방법¶누설인덕턴스 전류 변화를 이용한 제어를 통한 DAB 컨버터 내부 자성부품 파라미터 계산 시스템 및 이를 이용한 계산 방법{DAB converter internal magnetic component parameter calculation system and calculation method using leakage inductance current change}
1020240103800,20240805,김앤장,김기호,,LED광원 및 광섬유를 이용한 바닥형 신호등
1020240098635,20240725,김앤장,김기호,,반사층을 이용한 발광 효율이 개선된 바닥형 보행 신호등
1020240098436,20240725,김앤장,이승희,,어스앵커의 긴장력 자동진단방법
1020240098230,20240724,김앤장,이호준,,임대차 계약 관리 및 리워드 지급 시스템
1020240097644,20240724,김앤장,김기호,,도로 결빙 분사용 염수 공급 시스템
1020240097643,20240724,김앤장,김기호,,레일 보강형 스마트 모듈러 레일빔 및 시공방법
1020240088565,20240705,김앤장,이승현,,각도조절 가능한 유속완화 및 골재유실방지장치
1020240087280,20240703,김앤장,이재훈,,로봇 무선 충전 시스템 및 방법
1020240084728,20240627,김앤장,김현진,,태양광 발전시설 절연저항 진단시스템
1020240084727,20240627,김앤장,김현진,,태양광 발전시설 실시간 감시시스템
1020240083410,20240626,김앤장,김기호,,시공성이 개선되고 유지보수가 용이한 날개형 방음시설
1020240083408,20240626,김앤장,김기호,,기능성이 개선된 접이식 안마 베드
1020240083407,20240626,김앤장,김기호,,베드 변환형 안마의자
1020240081773,20240624,김앤장,김기호,,폐 침목을 이용한 사면 보강공법
1020240080706,20240621,김앤장,이승현,,요실금 팬티 및 이의 제조방법¶요실금 팬티 및 이의 제조방법{Urinary incontinence panties and how to manufacture them}
1020240078877,20240618,김앤장,김현진,,분할 구동형 자외선램프 세척장치
1020240078876,20240618,김앤장,김현진,,이중 세척 구조를 가진 자외선램프 세척장치
1020240078875,20240618,김앤장,김현진,,자외선램프 세척장치
1020240077559,20240614,김앤장,김현진,,진동분산과 비틀림 방지 기능을 가지는 전기설비 내진장치
1020240076835,20240613,김앤장,이승현,,지중구조물 금속 보호덮개 및 이의 관리방법
1020240073662,20240605,김앤장,김현진,,IoT기술을 활용한 노래방 관리 시스템
1020240073661,20240605,김앤장,김현진,,음향신호기를 이용한 시각장애인 안내시스템
1020240072897,20240604,김앤장,이재훈,,사골 농축액 제조방법 및 이에 의해 제조된 사골 농축액
1020240071971,20240531,김앤장,이호준,,"조달 업무를 지원하기 위한 컴퓨터 프로그램, 방법 및 컴퓨터 장치"
1020240071488,20240531,김앤장,이재훈,,철도 시설물 데이터 수집 방법
1020240071470,20240531,김앤장,이재훈,,웹 브라우저와 벡터 그래픽 파일 포맷을 이용한 웹 기반의 철도 시설물 감시 시스템 및 방법
1020240071443,20240531,김앤장,이재훈,,철도 시설물 관리를 위한 데이터 관리 방법
1020240071273,20240531,김앤장,이재훈,,딥러닝 학습을 이용한 센서 정밀도 관리 장치 및 이를 이용한 관리 방법
1020240069896,20240529,김앤장,이석재,,소용량 리크와 대용량 리크를 모두 검출할 수 있는 진공 리크 검출 판정 방법
1020240069879,20240529,김앤장,이석재,,경사형 자동 중량 계측 선별 장치
1020240069870,20240529,김앤장,이석재,,조립성이 우수한 포장제품의 다열 자동 중량 계측 장치
1020240069128,20240528,김앤장,김기호,,잡초 생장 방지형 콘크리트 블럭 시공방법
1020240068998,20240528,김앤장,이재훈,,선로전환기 전환력 계산 시스템 및 이를 이용한 계산 방법
1020240065075,20240520,김앤장,김현진,,교통신호제어기를 활용한 자율주행시스템
1020240063969,20240516,김앤장,이승현,,수밀성이 우수한 창호
1020240058500,20240502,김앤장,이재훈,,스냅 슬라이드 방식 외장시스템
1020240058498,20240502,김앤장,이재훈,,스냅 슬라이드형 BIPV 시스템
1020240057214,20240429,김앤장,김지우,,매장 내의 동일 객체를 추적하는 객체 추적 방법 및 장치
1020240056297,20240426,김앤장,김지우,,매장 내의 동일인을 식별하는 고객 식별 방법 및 장치
1020240056173,20240426,김앤장,이승현,,유압커플러를 구비한 작업반경이 확장된 스윙 로더 작업기
1020240056168,20240426,김앤장,이승현,,작업반경이 확장된 스윙 로더 작업기
1020240054555,20240424,김앤장,김기호,,열전도 기능이 개선된 안마용 온열볼
1020240054184,20240423,김앤장,김성남,,기판 이송 로봇 검사 장치 및 그 방법
1020240053970,20240423,김앤장,이승현,,슬러지 건조장치
1020240053298,20240422,김앤장,김기호,,상체 기립형 안마 베드
1020240051254,20240417,김앤장,김기호,,정착부 확장성이 향상된 지반 보강용 파일 및 그 시공방법
2020240000678,20240416,김앤장,이소정,,치아발육기
1020240049971,20240415,김앤장,김현진,,배터리장치 주수시스템
1020240048756,20240411,김앤장,김기호,,"차수성이 개선된 그라우트 주입재 제조방법, 이에 의해 제조된 그라우트 주입재 및 이를 이용한 그라우팅 시공방법"
1020240048644,20240411,김앤장,김기호,,안마기구용 2중 안전센서 시스템
1020240047657,20240408,김앤장,이호준,,고속 열원을 포함하는 원자층 식각 장치
1020240045152,20240403,김앤장,김기호,,플랙시블 라인형 LED 바닥 신호등 제조방법 및 그 시공방법
1020240045151,20240403,김앤장,김기호,,접이식 안마 베드
1020240045147,20240403,김앤장,김기호,,정착부 확장형 지반 보강용 파일 및 그 시공방법
1020240044588,20240402,김앤장,김현진,,원격 관리가 가능한 승강장 유실물 방지 겸용 안전발판 및 이를 위한 원격 관리시스템
1020240040236,20240325,김앤장,이승현,,유지보수 편리성과 반사 및 흡음기능을 갖는 방음벽
1020240038217,20240320,김앤장,김기호,,우회전 차량에 대한 횡단보도 상의 보행자 안전을 위한 신호 제어방법 및 시스템
1020240037841,20240319,김앤장,홍은정,,광고 플랫폼 자판기와 그 자판기를 이용한 광고 처리 및 자동 판매 처리 방법
1020240037085,20240318,김앤장,이승희,,로봇암을 포함하는 겐추리 이송장치
1020240033264,20240308,김앤장,이승현,,댐퍼의 구조
1020240021399,20240215,김앤장,이호준,,고속 열원을 포함하는 원자층 식각 장치
1020240021398,20240215,김앤장,이호준,,원자층 식각을 위한 기판 처리 장치
1020240021397,20240215,김앤장,이호준,,기판 처리 장치에 기반한 원자층 식각 방법
1020240021396,20240215,김앤장,이호준,,원자층 식각을 위한 기판 처리 장치
1020240020999,20240214,김앤장,이재훈,,냉각 육각수를 이용한 하수관로 악취 차단장치
1020240018970,20240207,김앤장,김성남,,웨이퍼 처리 시스템 및 이를 이용한 웨이퍼 이상 검출 방법
1020240015960,20240201,김앤장,이승현,,작업차량용 캐빈 공조 구조
1020240012876,20240129,김앤장,이재훈,,자동 데이터 백업 이중화 장치와 최적제어 알고리즘을 적용한 완벽한 보안 확보가 가능한 원격운전 및 경보 통제를 지원하는 감시제어 시스템
1020240005280,20240112,김앤장,김현진,,탈부착 가능한 기능성 건물일체형 태양광 발전시스템 및 이의 설치방법
1020240004000,20240110,김앤장,김기호,,현장 시공성이 개선된 케이블 장력 계측 및 부식 검측장치
1020240003572,20240109,김앤장,김성환,,강제팽창식 부력튜브를 갖는 고속단정
1020240003413,20240109,김앤장,김기호,,지형적 한계를 극복한 외줄 하강시설 및 그 시공방법
1020240002627,20240108,김앤장,이재훈,,스냅 슬라이드형 BIPV 시스템
1020240002613,20240108,김앤장,이재훈,,인증 번호를 이용한 출석 관리 방법 및 이를 이용한 시스템
1020240002609,20240108,김앤장,이재훈,,비콘 신호를 이용한 출석 관리 방법 및 시스템
1020230197930,20231229,김앤장,김지우,,결합 친화도를 예측하는 타겟 단백질 구조 기반 후보 물질 발굴 시스템 및 그 동작 방법
1020230197918,20231229,김앤장,김지우,,감시 카메라가 설치된 위치에서 강수 여부와 강수로 인한 위험 여부를 판단하는 시스템 및 그 동작 방법
1020230197256,20231229,김앤장,이승현,,전기차량 충전장치
1020230194189,20231228,김앤장,김기호,,태양광 추적식 영농형 태양광 시스템
1020230192630,20231227,김앤장,김현진,,유리병 화학강화장치
1020230192629,20231227,김앤장,김현진,,유리병 화학강화장치
1020230186847,20231220,김앤장,김기호,,공중 놀이 시설용 무인 구난장비
1020230184594,20231218,김앤장,김지우,,신약 후보 물질 발굴을 위한 다중 인스턴스 GPU 기반 시스템
1020230176207,20231207,김앤장,이승희,,원통형상 가공물의 가공용 지그
1020230171949,20231201,김앤장,이재훈,,한국형 무선통신기반 열차제어시스템의 혼합열차 운용을 위한 전자연동장치 및 그 방법
1020230166486,20231127,김앤장,이재훈,,스마트 창호 및 이의 청소 방법
1020230160698,20231120,김앤장,이재훈,,함체와 통합된 액침 냉각 방식 배터리 시스템
1020230160068,20231120,김앤장,이승현,,세탁물 출고장치
1020230160052,20231120,김앤장,이승현,,발열체의 설치가 간편한 거터 및 이를 포함하는 온실
1020230149903,20231102,김앤장,김기호,,기능성 유턴식 2라인 동시주입 강관 및 이를 이용한 시공방법
1020230146737,20231030,김앤장,이재훈,,철도부지내 수소인프라 구축 안전관리시스템 및 이를 이용한 방법
1020230146710,20231030,김앤장,이재훈,,철도부지내 수소인프라 구축 의사결정 지원 시스템 및 이를 이용한 지원 방법
1020230146636,20231030,김앤장,이재훈,,분산 처리와 블록체인을 결합하여 데이터의 무결성을 유지하는 수처리 계측제어 시스템 및 방법
1020230139548,20231018,김앤장,이승희,,접착제 제거용 조성물
1020230137731,20231016,김앤장,김현진,,Cloud EMS 플랫폼 지원을 위한 경제성 기반 전력관리장치
1020230132438,20231005,김앤장,이석재,,모바일 디바이스 부품의 파티클 제거 및 검출 장치
1020230132354,20231005,김앤장,이재훈,,모니터링이 가능한 전기차 충전소 화재 예방 분전반 및 그 작동 방법
1020230130589,20230927,김앤장,이재훈,,폭포수 방식을 적용한 습식 공기정화장치
1020230127734,20230925,김앤장,이재훈,,내외기 온도차를 이용한 하수관로 악취 차단장치
1020230123645,20230918,김앤장,김현진,,시각장애인용 이동 보조 장치
1020230121176,20230912,leeandmok,리앤목특허법인,,레이다 클러터 신호에 의한 오경보 판단 방법 및 시스템
1020230120998,20230912,김앤장,이재훈,,네트워크 케이블 품질 모니터링이 가능한 AI 통합배선반 및 이를 이용한 방법
1020230117438,20230905,김앤장,김기호,,열전도 효율이 개선된 안마구
1020230115315,20230831,김앤장,이승희,,보강부재의 용접방법 및 이의 용접방법 따른 용접비드
1020230113459,20230829,김앤장,김현진,,NNPB 방식의 유리병 성형시스템
1020230113458,20230829,김앤장,김현진,,NNPB 방식의 유리병 성형장치
1020230113457,20230829,김앤장,김현진,,NNPB 방식의 패리슨 성형장치
1020230113456,20230829,김앤장,김현진,,유리병 성형을 위한 곱 공급 장치 및 방법
1020230113453,20230829,김앤장,이승현,,유류탱크용 맨홀
1020230107465,20230817,김앤장,이승현,,튀김기
1020230106675,20230816,김앤장,김현진,,유리병 생산 연속공정에서 사용가능한 화학강화장치 및 이를 이용한 유리병의 제조방법
1020230093834,20230719,김앤장,김기호,,열전도 효율이 개선된 온열 안마볼 및 그 제작방법
1020230093340,20230718,leeandmok,리앤목특허법인,,병진 및 회전 운동이 가능한 석션 그리퍼
1020230093086,20230718,김앤장,김기호,,비상구 설치형 에어돔
1020230092378,20230717,김앤장,이석재,,복합 창호 프레임 및 그 체결 방법
1020230092093,20230715,김앤장,김지우,,의료 폐기물 파쇄 시스템의 설계 장치 및 방법
1020230091807,20230714,김앤장,이승현,,배수효율이 향상된 수평배수재
1020230091429,20230714,김앤장,이승현,,축사 악취 모니터링 시스템
1020230091071,20230713,김앤장,김기호,,산성배수 발생 또는 척박 토양에 대한 비탈면 녹화공법
2020230001442,20230712,김앤장,이승희,,변압기용 외함
1020230089217,20230710,김앤장,이승현,,시공성 및 내하력이 향상된 복공판의 제조 및 시공방법
1020230088111,20230707,김앤장,이석재,,스마트 인공지능 센서 도어 개폐 시스템
1020230087591,20230706,김앤장,이재훈,,절연체가 일체로 성형된 기억쇠를 갖는 첨단간
1020230081196,20230623,김앤장,김기호,,안전성이 강화된 네트 놀이시설 및 시공방법
1020230080832,20230623,김앤장,김기호,,높이 조절형 알루미늄 부잔교
1020230080554,20230622,김앤장,이승현,,험지주행이 용이한 다관절구조의 4륜 구동 승용형 예초기
1020230080250,20230622,김앤장,김현진,,철도차량 신속 오물수거시스템
1020230079471,20230621,김앤장,김현진,,철도차량을 위한 자동화 오물스테이션 장치
1020230078924,20230620,leeandmok,리앤목특허법인,,"플라스틱 기반 물품의 제조방법, 플라스틱 기반 물품 제조용 사출금형, 플라스틱 기반 물품 제조용 사출금형 세트 및 플라스틱 기반 물품"
1020230078754,20230620,김앤장,김현진,,철도차량을 위한 하이브리드 타입 오물배출장치
1020230078014,20230619,김앤장,김현진,,철도차량의 오물 수거를 위한 배관설비 및 이를 포함하는 오물수거시스템
1020230077512,20230616,leeandmok,리앤목특허법인,,평행 운동이 가능한 적응형 그리퍼
1020230076327,20230614,leeandmok,리앤목특허법인,,산화물계 고체전해질 및 그 제조방법
1020230076326,20230614,leeandmok,리앤목특허법인,,"열전지용 전해질, 이를 포함하는 열전지 및 열전지의 제조방법"
1020230073737,20230608,leeandmok,리앤목특허법인,,"일차전지, 일차전지용 양극 및 그 제조방법"
1020230073728,20230608,leeandmok,리앤목특허법인,,차량 센서 클리닝 장치 및 그 장치의 제어방법
1020230069881,20230531,jang,장수길,,SiC 단결정 기판
1020230069222,20230530,jang,장수길,,SiC 기판 및 SiC 잉곳
1020230068128,20230526,jang,장수길,,SiC 기판 및 SiC 에피택셜 웨이퍼
1020230068125,20230526,jang,장수길,,SiC 기판 및 SiC 에피택셜 웨이퍼
1020230068081,20230526,jang,장수길,,SiC 기판 및 SiC 에피택셜 웨이퍼
1020230067410,20230525,jang,장수길,,SiC 기판 및 SiC 잉곳
1020230065230,20230519,leeandmok,리앤목특허법인,,"복합 고체 전해질, 이를 포함하는 열전지 및 이의 제조방법"
1020230064780,20230519,leeandmok,리앤목특허법인,,광전도 반도체 스위치 및 이의 제조 방법
1020230062521,20230515,leeandmok,리앤목특허법인,,센서 클리닝용 와이퍼 시스템
1020230062520,20230515,leeandmok,리앤목특허법인,,센서측정방법 및 그 장치
1020230061739,20230512,leeandmok,리앤목특허법인,,열전지 및 이의 제조방법
1020230059881,20230509,leeandmok,리앤목특허법인,,이송 로봇의 배터리 교체를 위한 충전 스테이션
1020230058702,20230504,김앤장,김현진,,스마트 여행일정 추천시스템
1020230058327,20230504,jang,장수길,,"기판 홀더, 도금 장치 및 도금 방법"
1020230057578,20230503,김앤장,김현진,,"진동 분산이 가능한 내진장치, 이를 포함하는 계장제어반 및 계장제어반 운영시스템"
1020230055760,20230427,김앤장,홍은정,,야전침대용 그라운드 시트
1020230055000,20230426,leeandmok,리앤목특허법인,,무진동 할암 연속천공에 의한 자유면 형성을 위한 천공장치
1020230054643,20230426,김앤장,김현진,,가정용 올인원 AP시스템
1020230053268,20230424,김앤장,김기호,,유지보수 및 보강이 용이한 다기능 알루미늄 데크 및 그 시공방법
1020230049798,20230417,김앤장,김현진,,추세비교분석을 통한 고장 예측 및 진단이 가능한 계장제어반 운영시스템 및 이에 포함되는 계장제어반
1020230048090,20230412,jang,장수길,,도금 장치
1020230045003,20230405,김앤장,김현진,,나사 및 볼트류 재생 시스템
1020230044350,20230404,leeandmok,리앤목특허법인,,위상 제어 방법 및 시스템
1020230041883,20230330,leeandmok,리앤목특허법인,,회전축의 이탈 방지구조가 개선된 중공축 모터
1020230039274,20230324,leeandmok,리앤목특허법인,,열전지 전극 및 이의 제조방법
1020230038195,20230323,leeandmok,리앤목특허법인,,인간 피부 유래 산물을 포함하는 미생물 배양 배지 및 이를 이용하여 배양된 혼합 미생물 배양액의 피부 개선 용도
1020230035423,20230317,leeandmok,리앤목특허법인,,하사점에서 완충 기능을 가진 가스 실린더
1020230033467,20230314,leeandmok,리앤목특허법인,,"암모니아 탈수소용 촉매, 이의 제조방법 및 이를 이용한 수소 제조방법"
1020230031087,20230309,leeandmok,리앤목특허법인,,시계열 영상을 이용한 표적 탐지 방법 및 시스템
1020230030524,20230308,leeandmok,리앤목특허법인,,배수구용 보조 덮개 및 주 덮개
1020230028752,20230303,leeandmok,리앤목특허법인,,상온 탈지제 및 이를 포함하는 상온 탈지액
1020230028485,20230303,leeandmok,리앤목특허법인,,유량 제어 장치
1020230027934,20230302,leeandmok,리앤목특허법인,,열분해유의 정제방법 및 그 방법에 의해 생성된 정제 열분해유
1020230027930,20230302,leeandmok,리앤목특허법인,,빔 조향 전파고도계 및 컨벡스 최적화를 이용한 빔 조향 방법
1020230026183,20230227,leeandmok,리앤목특허법인,,항공 장애등
1020230024584,20230223,leeandmok,리앤목특허법인,,차량 센서 클리닝 장치 및 그 장치의 제어방법
1020230024583,20230223,leeandmok,리앤목특허법인,,차량 센서 클리닝 장치 및 그 장치의 제어방법
1020230024582,20230223,leeandmok,리앤목특허법인,,차량 센서 클리닝 장치 및 그 장치의 제어방법
1020230023149,20230221,leeandmok,리앤목특허법인,,표적 탐지 방법 및 시스템
1020230021875,20230220,김앤장,이승희,,분수대
1020230021657,20230217,leeandmok,리앤목특허법인,,"플라스틱 기반 물품, 전자부품용 하우징, 전자기기 및 플라스틱 기반 물품의 제조방법"
1020230019349,20230214,leeandmok,리앤목특허법인,,가축생체정보 스캐닝 시스템 및 그 제어방법
1020230018014,20230210,leeandmok,리앤목특허법인,,발코니팜
1020230018013,20230210,leeandmok,리앤목특허법인,,발코니팜
1020230017263,20230209,leeandmok,리앤목특허법인,,"클러스터링에 기초하여, 신경망 필터를 프루닝하는 방법 및 장치"
1020230016899,20230208,leeandmok,리앤목특허법인,,특정 인물에 특화된 딥러닝 기반 감정 인식 방법 및 장치
1020230015464,20230206,leeandmok,리앤목특허법인,,배터리 내부 온도 추정을 위한 배터리 관리 장치 및 방법
1020230015024,20230203,leeandmok,리앤목특허법인,,이중 편파 레이다를 이용한 표적 탐지 방법 및 시스템
1020230015023,20230203,leeandmok,리앤목특허법인,,이중 편파 레이다를 이용한 인공물 탐지 방법 및 시스템
1020230015022,20230203,leeandmok,리앤목특허법인,,주파수 가변 및 추정된 분면의 신호 비교를 이용한 3채널 모노펄스 배열 안테나의 부엽 식별 방법 및 장치
1020230013912,20230201,leeandmok,리앤목특허법인,,로컬 디밍을 위한 LED 구동 장치 및 디스플레이 장치
1020230013010,20230131,leeandmok,리앤목특허법인,,수전해 발생열을 이용한 온도차 발전 시스템
1020230013009,20230131,leeandmok,리앤목특허법인,,태양광 수집열을 이용한 온도차 발전 시스템
1020230011577,20230130,김앤장,김현진,,항균 펩타이드를 함유하는 가시복분자딸기 유산균 발효물과 복령을 포함하는 화장료 조성물
1020230006930,20230117,leeandmok,리앤목특허법인,,"프레임간 유사도에 기초하여, 신경망 학습을 위한 프레임 데이터를 생성하는 방법 및 장치"
1020230004923,20230112,leeandmok,리앤목특허법인,,재밍효과도 분석 방법 및 시스템
1020230003945,20230111,leeandmok,리앤목특허법인,,방전봉 및 그의 제조방법
1020230003898,20230111,김앤장,김현진,,신규한 라넬라 아세리스 Ｆｓｏｉｌ5 균주 및 이를 이용하는 친환경 작물 생장 촉진제
1020230002505,20230106,leeandmok,리앤목특허법인,,포커스 촬영을 위한 원형 프레임을 제공하는 스마트폰용 카메라 렌즈 커버
1020230001944,20230105,leeandmok,리앤목특허법인,,적외선 영상에 관한 블러 커널 생성 방법 및 장치
1020230001918,20230105,leeandmok,리앤목특허법인,,합성개구면레이다를 모의하는 시스템 및 방법
1020230000765,20230103,leeandmok,리앤목특허법인,,3D 모델링 배포 방법 및 컴퓨터 프로그램
1020230000372,20230102,leeandmok,리앤목특허법인,,보트 장치
1020220187948,20221228,leeandmok,리앤목특허법인,,배터리모듈의 진단방법 및 그 장치
1020220184986,20221226,leeandmok,리앤목특허법인,,서로 다른 운전 특성의 수전해 설비들을 갖는 수소생산시스템 및 이의 동작 방법
1020220179791,20221220,leeandmok,리앤목특허법인,,"분무 살포가 가능한 식물의 에틸렌 작용 억제제로서 1-(2,2-디메틸프로필)-사이클로프로펜의 제법 및 이의 용도"
1020220170056,20221207,leeandmok,리앤목특허법인,,"선조립 철골 구조물의 미세위치 조정장치, 이를 포함하는 물품 및 선조립 철골 구조물의 미세위치 조정방법"
1020220170036,20221207,leeandmok,리앤목특허법인,,SAR 영상의 표적들 간의 유사도 산출 방법 및 이를 이용한 표적 식별 방법
1020220165964,20221201,leeandmok,리앤목특허법인,,"적대적 생성 신경망 분석 방법, 적대적 생성 신경망 분석 장치 및 상기 방법을 실행시키기 위하여 기록매체에 저장된 컴퓨터 프로그램"
1020220165115,20221130,leeandmok,리앤목특허법인,,연료전지 시스템
1020220163445,20221129,leeandmok,리앤목특허법인,,거울 기능을 구비한 영상 표시 유닛
1020220162054,20221128,leeandmok,리앤목특허법인,,폐 용적 검사 방법 및 그 장치
1020220162052,20221128,leeandmok,리앤목특허법인,,선조립 철골 구조물의 하중 분산형 실내 리프팅 장비 및 이를 이용한 선조립 철골 구조물의 설치방법
1020220160728,20221125,leeandmok,리앤목특허법인,,전력 수직 배향형 모노폴라 수전해 스택
1020220160675,20221125,leeandmok,리앤목특허법인,,다양한 길이의 펩타이드의 길이를 접힘으로 처리하여 신항원을 예측하는 방법 및 컴퓨터 프로그램
1020220159765,20221124,leeandmok,리앤목특허법인,,"탄소중립 실현을 위한 메탄가스 절감 및 축우 생산성 향상, 등급율 개선을 위한 기능성 단미사료 조성물 및 이의 제조방법"
1020220159764,20221124,leeandmok,리앤목특허법인,,이형 부품 삽입기용 부품 공급 장치
1020220159560,20221124,leeandmok,리앤목특허법인,,질병예측방법 및 그 장치
1020220158439,20221123,leeandmok,리앤목특허법인,,주사기를 이용한 약액 이동 자동화 장치
1020220158437,20221123,leeandmok,리앤목특허법인,,"그래핀 기반 센서, 이를 이용한 측정장치 및 분석방법"
1020220157500,20221122,leeandmok,리앤목특허법인,,전류 필라멘트 분산 유도를 위한 광전도 반도체 스위치
1020220146398,20221104,leeandmok,리앤목특허법인,,갈바닉 분리를 제공하는 집적 회로 및 이를 포함하는 반도체 패키지
1020220145516,20221103,leeandmok,리앤목특허법인,,가변피치형 픽업 장치
1020220145513,20221103,leeandmok,리앤목특허법인,,CAD 영상을 활용한 전처리가 구현된 딥러닝 검사시스템
1020220144727,20221102,leeandmok,리앤목특허법인,,운용환경 모의 방법 및 시스템
1020220144616,20221102,leeandmok,리앤목특허법인,,차량 센서 클리닝 장치 및 그 장치의 제어방법
1020220144231,20221102,jang,장수길,,도금 장치
1020220143947,20221101,leeandmok,리앤목특허법인,,위험지역 접근방지용 스마트 안전 경보 방법 및 장치
1020220143056,20221031,leeandmok,리앤목특허법인,,"양극활물질, 이의 제조방법, 및 상기 양극활물질을 포함하는 리튬이차전지"
1020220141619,20221028,leeandmok,리앤목특허법인,,USB를 이용한 디지털 핸드 스피커 마이크
1020220141280,20221028,jang,장수길,,"카메라 모듈, 포터블 전자 기기, 및 위치 제어 시스템"
1020220139659,20221026,leeandmok,리앤목특허법인,,유량 제어 장치
1020220138622,20221025,leeandmok,리앤목특허법인,,"대기 보정 방법, 대기 보정 장치 및 상기 방법을 실행시키기 위하여 기록매체에 저장된 컴퓨터 프로그램"
1020220138376,20221025,leeandmok,리앤목특허법인,,상수 가압 장치
1020220134835,20221019,jang,장수길,,"땜납 합금, 땜납 페이스트, 땜납 볼, 땜납 프리폼 및 납땜 이음"
1020220134820,20221019,leeandmok,리앤목특허법인,,다중 유로가 구비된 밸브 장치
1020220134455,20221018,leeandmok,리앤목특허법인,,보트 로딩 장치 및 이를 포함하는 웨이퍼 처리 시스템
1020220132731,20221014,leeandmok,리앤목특허법인,,"생분해성 수지 조성물, 성형품의 제조방법 및 생분해성 성형품"
1020220130818,20221012,leeandmok,리앤목특허법인,,기체 분사구 모듈이 구비된 초음파 검사기의 기포 제거 장치
1020220129536,20221011,leeandmok,리앤목특허법인,,이차전지용 실리콘 분말의 제조방법 및 이를 이용하여 제조된 실리콘 분말
1020220129535,20221011,leeandmok,리앤목특허법인,,식물 추출물을 바실러스 균주로 발효한 발효물을 포함하는 화장료 조성물
1020220125626,20220930,leeandmok,리앤목특허법인,,수계 이차전지 및 그 제조방법
1020220124650,20220929,leeandmok,리앤목특허법인,,인공지능을 이용하여 적혈구 검체에서 말라리아 감염을 진단하는 방법 및 그 장치
1020220124649,20220929,leeandmok,리앤목특허법인,,이미지 정규화를 이용한 기생충 충란 식별 방법 및 장치
1020220123644,20220928,leeandmok,리앤목특허법인,,전기적 연결 신뢰성이 개선된 플렉서블 전계 발광 장치
1020220123487,20220928,leeandmok,리앤목특허법인,,아군훈련 정보로 훈련한 생성모델을 사용하여 적군의 초기 부대 전개에 따른 전투 방책을 예측하는 방법 및 장치
1020220121967,20220926,leeandmok,리앤목특허법인,,"심전도 데이터 처리 장치, 가변적인 윈도우 크기의 신호 세그먼트들로 분할하면서 분석 필요 구간을 추출하는 심전도 데이터 처리 방법 및 컴퓨터 프로그램"
1020220121309,20220926,jang,장수길,,압축기 유닛
1020220120927,20220923,leeandmok,리앤목특허법인,,방열 잉크 및 방열 잉크를 포함하는 방열 시트
1020220120101,20220922,leeandmok,리앤목특허법인,,하수 역류 방지 및 추락 방지 구조가 구비된 맨홀 시스템
1020220120093,20220922,leeandmok,리앤목특허법인,,평판 기판용 필름 도포장치 및 그의 작동방법
1020220119516,20220921,leeandmok,리앤목특허법인,,배터리 계측정보의 교정방법 및 그 장치
1020220119514,20220921,leeandmok,리앤목특허법인,,배터리 계측정보 교정방법 및 그 장치
1020220117250,20220916,leeandmok,리앤목특허법인,,"암모니아 탈수소용 촉매, 이의 제조방법 및 이를 이용한 수소 제조방법"
1020220115006,20220913,leeandmok,리앤목특허법인,,복수의 충전모듈을 통해 차량을 충전하는 방법 및 그 차량 충전 장치
1020220115005,20220913,leeandmok,리앤목특허법인,,재활용정보관리방법 및 그 장치
1020220111468,20220902,leeandmok,리앤목특허법인,,광학특성 색가변소자 및 그 제조방법과 제어방법
1020220108988,20220830,leeandmok,리앤목특허법인,,음식물 분리 수거함 세척 장치
1020220108583,20220829,leeandmok,리앤목특허법인,,친환경 천연 공융 용매로 추출한 추출물을 포함하는 화장료 조성물
1020220107800,20220826,leeandmok,리앤목특허법인,,에너지 자립형 태양광 발전 시스템
1020220107761,20220826,leeandmok,리앤목특허법인,,재생칩을 사용하여 제조된 재생 PET 필름
1020220106057,20220824,leeandmok,리앤목특허법인,,천연 복합 추출물을 포함하는 탈모 예방 또는 발모 촉진용 조성물
1020220105655,20220823,leeandmok,리앤목특허법인,,"합성 긴 펩타이드의 면역원성 예측 장치, 면역원성 예측 방법 및 컴퓨터 프로그램"
1020220105641,20220823,leeandmok,리앤목특허법인,,무인이동체 위성항법 유도 장치 및 방법
1020220104061,20220819,김앤장,김성환,,냉각수의 동결 및 냉각기용 열교환기의 동파방지를 위한 수온센서 장착구조
1020220103307,20220818,leeandmok,리앤목특허법인,,"최적 공급 전압을 위한 LED 드라이버, 발광 시스템 및 디스플레이 장치"
1020220102180,20220816,leeandmok,리앤목특허법인,,배터리진단방법 및 그 장치
1020220102179,20220816,leeandmok,리앤목특허법인,,배터리 등가회로 생성방법 및 그 장치
1020220100070,20220810,leeandmok,리앤목특허법인,,가상의 착용이미지 제공시스템
1020220099932,20220810,leeandmok,리앤목특허법인,,다기능 지게차 및 그의 운전방법
1020220097582,20220804,leeandmok,리앤목특허법인,,미소부품 운송장치 및 그 제조방법
1020220096751,20220803,leeandmok,리앤목특허법인,,상부 프로브 모듈과 하부 프로브 모듈을 사용하는 초음파 검사 장치
1020220096750,20220803,leeandmok,리앤목특허법인,,초음파 검사 장치의 프로브 모듈
1020220096747,20220803,leeandmok,리앤목특허법인,,자동 용접 캐리지의 가이드 링 설치용 지그 및 그의 사용방법
1020237018960,20220802,jang,장수길,,도금 방법 및 도금 장치
1020220096108,20220802,leeandmok,리앤목특허법인,,생체 신호 측정 장치 및 그 사용 방법
1020220095285,20220801,leeandmok,리앤목특허법인,,원자력 터빈 스러스트 베어링 체결구조
1020220094723,20220729,leeandmok,리앤목특허법인,,폐수 재이용 방법 및 장치
1020220093868,20220728,leeandmok,리앤목특허법인,,"공동 주차장에서 사고 방지를 위한 방법, 장치 및 시스템"
1020220093457,20220727,leeandmok,리앤목특허법인,,표시 장치 및 그 제조방법
1020220093390,20220727,leeandmok,리앤목특허법인,,"스타필로코커스 속, 스트렙토코커스 속, 쿠티박테리움 속, 인하이드로박터 균주 및 DNA 단편 혼합물을 포함하는 화장료 조성물"
1020220090619,20220721,leeandmok,리앤목특허법인,,3차원음향스터디 자동출력장치 및 방법
1020220087526,20220715,leeandmok,리앤목특허법인,,산소 동위원소 농축수 제조용 촉매 및 상기 촉매를 이용한 산소 동위원소 농축수의 제조방법
2020220001720,20220714,leeandmok,리앤목특허법인,,비누 홀더
1020220086990,20220714,leeandmok,리앤목특허법인,,유도탄의 로이터 제어 방법
1020220086699,20220714,leeandmok,리앤목특허법인,,진공성형으로 제조된 돌기형 트레이
1020220086689,20220714,jang,장수길,,압축기 유닛 및 그 제어 방법
1020220085130,20220711,leeandmok,리앤목특허법인,,다개체 강화학습 시스템 및 방법
1020220083813,20220707,leeandmok,리앤목특허법인,,"의료 데이터 제공 방법, 및 의료 데이터 제공 방법이 저장된 기록매체"
1020220083812,20220707,leeandmok,리앤목특허법인,,셀 단위 교통 정보를 생성하는 장치 및 방법
1020220082479,20220705,leeandmok,리앤목특허법인,,리튬 전지용 음극 제조방법 및 이를 포함하는 리튬 전지
1020220082111,20220704,leeandmok,리앤목특허법인,,인체장기모델 생성방법 및 그 장치
1020220081858,20220704,김앤장,김성환,,변기용 저소음 배수기
1020220081491,20220701,leeandmok,리앤목특허법인,,에너지 자립형 수전해 시스템
1020220080731,20220630,leeandmok,리앤목특허법인,,감속기 및 감속기 설계 방법
1020220080711,20220630,leeandmok,리앤목특허법인,,구동 모듈 및 이를 포함하는 로봇
1020220080017,20220629,leeandmok,리앤목특허법인,,변위 정보 이분화를 통한 상호보완적 짐벌 제어 기반의 이동 객체 감시 장치 및 방법
1020220079437,20220629,leeandmok,리앤목특허법인,,"복합 식물 추출물을 함유하는 나노리포좀을 유효성분으로 포함하는 항산화, 항염 및 피부 항노화 조성물"
1020220077710,20220624,leeandmok,리앤목특허법인,,차즈기 발효물을 유효성분으로 포함하는 화장료 조성물
1020220075680,20220621,leeandmok,리앤목특허법인,,사막 선인장 추출물 및 락토바실러스 배양액을 포함하는 화장료 조성물
1020220074988,20220620,leeandmok,리앤목특허법인,,인공지능 기반 모돈을 위한 사료 공급량 제어 및 그 장치
1020220074987,20220620,leeandmok,리앤목특허법인,,반도체 패키지 및 이의 제조 방법
1020237003918,20220617,jang,장수길,,누설 판정 방법 및 도금 장치
1020237003875,20220617,jang,장수길,,도금 장치
1020220073760,20220616,leeandmok,리앤목특허법인,,모노펄스 레이더를 이용하여 경사거리를 산출하는 방법 및 장치
1020220071025,20220610,leeandmok,리앤목특허법인,,투습방수성 의류의 일괄 제조방법 및 그 방법에 의해 제조된 투습방수성 의류
1020220069582,20220608,leeandmok,리앤목특허법인,,객체 검출에 이용되는 파장 대역을 결정하기 위한 장치 및 방법
1020220069547,20220608,leeandmok,리앤목특허법인,,검사 롤러를 구비하는 기판검사장치
1020220069546,20220608,leeandmok,리앤목특허법인,,이송제어기구를 포함하는 기판검사장치
1020220069545,20220608,leeandmok,리앤목특허법인,,다수의 검사 유닛을 포함하는 기판검사장치
1020220069111,20220607,leeandmok,리앤목특허법인,,접근 권한 제어를 수행하는 스토리지 장치 및 그 동작방법
1020220068437,20220603,leeandmok,리앤목특허법인,,조인트 밀봉 구조
1020220068436,20220603,leeandmok,리앤목특허법인,,슬러지 이송 펌프
1020220068435,20220603,leeandmok,리앤목특허법인,,인듀서가 장착된 슬러지 이송 펌프
1020220067704,20220602,leeandmok,리앤목특허법인,,회전 구조가 구비된 비파괴 검사용 세척액을 와이퍼 흡착포에 도포하는 장치
1020220067703,20220602,leeandmok,리앤목특허법인,,승강 구조가 구비된 비파괴 검사용 세척액을 와이퍼 흡착포에 도포하는 장치
1020237009335,20220601,jang,장수길,,도금 장치
1020220066912,20220531,leeandmok,리앤목특허법인,,"고해상도 디밍을 위한 LED 드라이버, 발광 모듈 및 디스플레이 장치"
1020220066909,20220531,leeandmok,리앤목특허법인,,"NFT 발행 시스템과 그 발행 방법, 그리고 NFT 발행 라벨"
1020220066354,20220530,leeandmok,리앤목특허법인,,관형시설물의 토폴로지 데이터 생성 방법 및 그 장치
1020220066349,20220530,leeandmok,리앤목특허법인,,열전지 시편 및 열전지 압력 측정 방법
1020220063053,20220523,leeandmok,리앤목특허법인,,외기 도입에 의한 온도차 냉각·온도차 제상 및 자동 환기 구조가 구비된 고습도 조절용 냉각 시스템
1020220056870,20220509,leeandmok,리앤목특허법인,,레이더 시스템에서 클러터를 제거하기 위한 장치 및 방법
1020220056243,20220506,leeandmok,리앤목특허법인,,비디오 월 시스템
1020220056241,20220506,leeandmok,리앤목특허법인,,"웨이퍼분류모델 학습을 위한 웨이퍼 이미지를 생성하는 방법 및 그 장치와, 이를 이용하여 웨이퍼분류모델을 생성하는 방법 및 그 장치"
1020220055379,20220504,leeandmok,리앤목특허법인,,다단 차동 증폭기
1020220055302,20220504,jang,장수길,,"프리웨트 모듈, 탈기액 순환 시스템, 및 프리웨트 방법"
1020220055026,20220503,leeandmok,리앤목특허법인,,이형필름 및 이의 제조방법
1020220054447,20220502,leeandmok,리앤목특허법인,,"어드레스 테이블을 포함하는 메모리 장치, 및 메모리 컨트롤러의 동작 방법"
1020220053218,20220429,jang,장수길,,압축기 유닛 및 압축기 유닛의 제어 방법
1020220052878,20220428,leeandmok,리앤목특허법인,,플리커-프리를 위한 장치 및 이를 포함하는 조명 기기
1020220052874,20220428,leeandmok,리앤목특허법인,,긴급제동장치의 사고 분석을 위한 시뮬레이션 시스템 및 시뮬레이션 방법
1020220052873,20220428,leeandmok,리앤목특허법인,,긴급제동장치의 사고 분석을 위한 주행 시뮬레이터
1020220052148,20220427,leeandmok,리앤목특허법인,,기능성 브래지어
1020220051527,20220426,leeandmok,리앤목특허법인,,반사 배열 안테나 모노 펄스 시스템
1020220051050,20220425,leeandmok,리앤목특허법인,,고압 가스 저장 용기 및 이의 제조방법
1020220048326,20220419,leeandmok,리앤목특허법인,,차고 배기가스 자동배출 시스템
1020220047504,20220418,leeandmok,리앤목특허법인,,투명 미백 트레이의 제조방법 및 그 방법에 의해 제조된 투명 미백 트레이
1020220047193,20220415,leeandmok,리앤목특허법인,,플리커-프리를 위한 장치 및 이를 포함하는 조명 기기
1020220046405,20220414,leeandmok,리앤목특허법인,,돼지열병 바이러스 특이적인 항체 및 이의 용도
1020220044119,20220408,leeandmok,리앤목특허법인,,구조물 변위 검출 장치 및 모니터링 시스템
1020220044118,20220408,leeandmok,리앤목특허법인,,"양극활물질, 이의 제조방법, 및 상기 양극활물질을 포함하는 리튬이차전지"
1020220042148,20220405,leeandmok,리앤목특허법인,,리드 프레임
1020220042147,20220405,leeandmok,리앤목특허법인,,"반도체 패키지 기판, 이를 포함하는 반도체 패키지, 및  반도체 패키지 기판의 제조방법"
1020220041925,20220404,leeandmok,리앤목특허법인,,요철 구조가 구비된 비파괴 검사용 자화장치
1020220041924,20220404,leeandmok,리앤목특허법인,,방열팬이 열전달 부재에 고정된 비파괴 검사용 자화장치
1020220041923,20220404,leeandmok,리앤목특허법인,,방열팬이 절연 피복체에 고정된 비파괴 검사용 자화장치
1020220041922,20220404,leeandmok,리앤목특허법인,,방열팬에 의한 열 변형 방지 구조가 구비된 비파괴 검사용 자화장치
1020220041921,20220404,leeandmok,리앤목특허법인,,열전달 부재에 의한 열 변형 방지 구조가 구비된 비파괴 검사용 자화장치
1020220040463,20220331,leeandmok,리앤목특허법인,,음식물 분리 수거함 세척 장치
1020220036075,20220323,leeandmok,리앤목특허법인,,"합성 영상 생성 방법, 합성 영상 생성 장치 및 상기 방법을 실행시키기 위하여 기록매체에 저장된 컴퓨터 프로그램"
1020220035609,20220322,leeandmok,리앤목특허법인,,개인이동수단의 높이조절장치
1020220035536,20220322,leeandmok,리앤목특허법인,,계단 논슬립 구조
1020220034944,20220321,leeandmok,리앤목특허법인,,사과 캘러스 유래 엑소좀을 포함하는 피부상태 개선용 조성물
1020220033460,20220317,leeandmok,리앤목특허법인,,화장품에 관한 NFT(Non-Fungible Token)를 생성하는 방법 및 장치
1020220033389,20220317,jang,장수길,,"압축기 유닛, 스크루 압축기 및 압축기 유닛의 운전 방법"
1020220032897,20220316,leeandmok,리앤목특허법인,,치주 질환 유발균을 억제하는 활성을 갖는 락티카제이바실러스 파라카제이 균주 및 그 용도
1020220032896,20220316,leeandmok,리앤목특허법인,,치아우식증 유발균을 억제하는 활성을 갖는 와이셀라 시바리아 균주 및 그 용도
1020220031500,20220314,leeandmok,리앤목특허법인,,"PGME, PGMEA, 물의 혼합물로부터 물을 분리하는 방법"
1020220031496,20220314,leeandmok,리앤목특허법인,,"당 확산 추출공법으로 추출한 생병풀 추출물을 포함하는 항염, 장벽 효능을 가지는 화장료 조성물 및 이의 용도"
1020220030951,20220311,leeandmok,리앤목특허법인,,감시카메라 관리 장치
1020227018886,20220310,jang,장수길,,무시안 전해 금 도금액
1020220028224,20220304,leeandmok,리앤목특허법인,,"카프릴하이드록사믹애씨드, 4'-하이드록시아세토페논, 및 폴리올을 포함하는 피부 외용제용 보존제 및 이를 포함하는 화장료 조성물"
1020220028216,20220304,leeandmok,리앤목특허법인,,액체리튬음극 및 이를 포함하는 열전지
1020220027648,20220303,leeandmok,리앤목특허법인,,가속 페달 위치 센서 신호를 이용하여 차량의 엔진 제어기의 정상 동작 여부를 진단하기 위한 장치 및 방법
1020220026303,20220228,leeandmok,리앤목특허법인,,엘리베이터의 진보된 안정성을 제공하는 장치 및 방법
1020220026222,20220228,leeandmok,리앤목특허법인,,유전 알고리즘을 이용한 냉난방설비 운용 장치 및 방법
1020220024573,20220224,leeandmok,리앤목특허법인,,"헤테로고리 화합물을 포함한 발광 소자, 상기 발광 소자를 포함한 전자 장치 및 상기 헤테로고리 화합물"
1020220024500,20220224,leeandmok,리앤목특허법인,,"유근피 추출물 또는 이로부터 분리한 유효 단일물질을 포함하는 골 질환의 치료, 예방 및 개선용 조성물"
1020220023135,20220222,leeandmok,리앤목특허법인,,전기 집진 시스템 및 방법
1020220023134,20220222,leeandmok,리앤목특허법인,,폐열 회수 시스템 및 방법
1020220022463,20220221,leeandmok,리앤목특허법인,,"의료 데이터 제공 장치, 의료 데이터 제공 방법 및 컴퓨터 프로그램"
1020220022461,20220221,leeandmok,리앤목특허법인,,유체 공급 장치
1020220022456,20220221,leeandmok,리앤목특허법인,,초순수 제조 설비 및 이온교환수지 교체 방법
2020220000469,20220218,leeandmok,리앤목특허법인,,내진 받침대
1020220021066,20220217,leeandmok,리앤목특허법인,,핵화생방 탐지 서버
1020227042552,20220216,jang,장수길,,"도금 장치, 및 도금 방법"
1020220020209,20220216,leeandmok,리앤목특허법인,,원자력발전소의 위험탐지장치 및 그 방법
1020220018324,20220211,leeandmok,리앤목특허법인,,절연 피복체의 열 변형 방지 구조가 구비된 비파괴 검사용 자화장치
1020220018323,20220211,leeandmok,리앤목특허법인,,비파괴 검사용 세척액을 와이퍼 흡착포에 도포하는 장치
1020220016978,20220209,leeandmok,리앤목특허법인,,"고밀도 수직재배를 위한 점적관수, 고밀도 재배 프레임 및 LED 시스템"
1020220016977,20220209,leeandmok,리앤목특허법인,,코킹캡을 이용한 이지코킹 압력그라우팅 시스템 및 이를 이용한 그라우팅 보강 시공방법
1020227039872,20220207,jang,장수길,,도금 장치
1020220015803,20220207,leeandmok,리앤목특허법인,,이소티오시아네이트가 증대된 무순 추출물을 포함하는 조성물 및 이의 제조방법
1020220015768,20220207,leeandmok,리앤목특허법인,,상변화 물질의 축열을 이용한 핫가스 제상 구조가 구비된 냉동 냉장 시스템
1020220013613,20220128,leeandmok,리앤목특허법인,,자동 용접 방법
1020220012693,20220127,leeandmok,리앤목특허법인,,"코르크용 표면 코팅제 조성물, 이의 제조 방법, 이를 이용하여 코팅된 코르크칩 및 친환경 바닥포장재 시공 방법"
1020220012578,20220127,leeandmok,리앤목특허법인,,"위치 모니터링 방법, 위치 모니터링 시스템 및 상기 방법을 실행시키기 위하여 기록매체에 저장된 컴퓨터 프로그램"
1020220010223,20220124,leeandmok,리앤목특허법인,,조명의 페이드-인 및 페이드-아웃을 위한 장치 및 방법
1020220006175,20220114,leeandmok,리앤목특허법인,,습식 식각 방법 및 이를 이용한 반도체 소자 제조 방법.
1020220006172,20220114,leeandmok,리앤목특허법인,,디스플레이 프로텍터
1020220004334,20220111,leeandmok,리앤목특허법인,,컴프레셔가 구비된 비파괴 검사용 자분 자동 분사 및 자화 장치
1020220004333,20220111,leeandmok,리앤목특허법인,,스트롱 에러 정보를 관리하는 메모리 컨트롤러 및 그 동작방법
1020220004298,20220111,leeandmok,리앤목특허법인,,자화 전극에 분사 노즐이 구비된 비파괴 검사용 자분 자동 분사 및 자화 장치
1020220004197,20220111,leeandmok,리앤목특허법인,,푸시버튼 분사 스위치가 구비된 비파괴 검사용 자분 자동 분사 및 자화 장치
1020220003623,20220110,leeandmok,리앤목특허법인,,비접촉 가축 체중 측정장치 및 그 방법
1020220001636,20220105,leeandmok,리앤목특허법인,,라이다 시스템의 운용 환경이 고려하여 점군 정보를 결정하기 위한 장치 및 방법
1020220001451,20220105,leeandmok,리앤목특허법인,,증강현실 기반 현장관리방법 및 서버
1020210192903,20211230,leeandmok,리앤목특허법인,,공기 유압 펌프
1020210191602,20211229,leeandmok,리앤목특허법인,,고체 산화물 수전해 시스템용 주변 설비 모듈 및 고체 산화물 수전해 시스템
1020210190410,20211228,leeandmok,리앤목특허법인,,플라이백 컨버터와 이를 포함하는 전력 시스템
1020210189337,20211228,jang,장수길,,"압축기 유닛, 압축기 유닛의 제어 프로그램이 기억된 기억 매체 및 압축기 유닛의 제어 방법"
1020210188992,20211227,leeandmok,리앤목특허법인,,회전식 식물 재배기
1020210188991,20211227,leeandmok,리앤목특허법인,,회전식 식물 재배기
1020210187763,20211224,leeandmok,리앤목특허법인,,저 기움각 신호원의 광선 추적 가속화 방법 및 장치
1020210186601,20211223,leeandmok,리앤목특허법인,,표면 결함 검사 장치의 조명 모듈
1020210186600,20211223,leeandmok,리앤목특허법인,,전동화 부품의 헤어핀 검사 장치
1020210186599,20211223,leeandmok,리앤목특허법인,,전동화 부품의 회전체 검사 장치
1020210186598,20211223,leeandmok,리앤목특허법인,,에어리어 카메라가 구비된 검사 장치 및 에어리어 카메라가 구비된 검사 장치를 이용한 검사 방법
1020210186583,20211223,leeandmok,리앤목특허법인,,"해양 영상 실사화 방법, 해양 영상 실사화 장치 및 상기 방법을 실행시키기 위하여 기록매체에 저장된 컴퓨터 프로그램"
1020210186582,20211223,leeandmok,리앤목특허법인,,"다중 선박 자율 항해 방법, 다중 선박 자율 항해 장치 및 상기 방법을 실행시키기 위하여 기록매체에 저장된 컴퓨터 프로그램"
1020210185404,20211222,leeandmok,리앤목특허법인,,"적응적인 파워 조절을 수행하는 메모리 컨트롤러, 이를 포함하는 메모리 시스템 및 메모리 시스템의 동작방법"
1020210184290,20211221,leeandmok,리앤목특허법인,,전지용 성형체 및 이를 포함하는 액체 금속 전지
1020227025386,20211220,jang,장수길,,도금 장치의 메인터넌스 방법
1020210183083,20211220,leeandmok,리앤목특허법인,,동박적층필름 및 이를 포함하는 전자소자
1020210181698,20211217,leeandmok,리앤목특허법인,,자산화 된 학습 데이터 및 자산화 된 인공 신경망 데이터와 관련된 수익을 분배하는 방법
1020210181697,20211217,leeandmok,리앤목특허법인,,학습된 인공 신경망을 자산화 하는 방법
1020210181696,20211217,leeandmok,리앤목특허법인,,인공 신경망의 학습을 위한 학습 데이터를 자산화 하는 방법
1020210178651,20211214,leeandmok,리앤목특허법인,,아토피 피부염의 예방 또는 치료용 조성물
1020210178031,20211213,leeandmok,리앤목특허법인,,통합 궤도 회로 모니터링 방법 및 시스템
1020210175419,20211209,leeandmok,리앤목특허법인,,급수가열기의 진공영역 및 저압영역에서의 시료 채취 및 시료 분석 시스템
1020227030856,20211206,jang,장수길,,도금 방법 및 도금 장치
1020210172624,20211206,leeandmok,리앤목특허법인,,콘크리트 에어 포켓 제거 및 콘크리트 유출 방지를 위한 거푸집
1020210172623,20211206,leeandmok,리앤목특허법인,,조립부재를 사용하는 무용접 거푸집
1020210172270,20211203,leeandmok,리앤목특허법인,,특장차의 전복 방지 시스템
1020210171261,20211202,leeandmok,리앤목특허법인,,진동 및 소음이 감소된 직류 모터 장치
1020210169340,20211130,leeandmok,리앤목특허법인,,기능성 보정속옷
1020210169339,20211130,leeandmok,리앤목특허법인,,기능성 보정속옷
1020210168032,20211130,leeandmok,리앤목특허법인,,배터리 진단 방법 및 그 장치
1020210167595,20211129,leeandmok,리앤목특허법인,,튜브 휠을 포함한 비파괴 검사용 자동 스캐너 차체의 바퀴 구조
1020210166107,20211126,leeandmok,리앤목특허법인,,고속 푸리에 변환을 이용한 광대역 신호 감시 방법 및 장치
1020210166101,20211126,leeandmok,리앤목특허법인,,듀얼 카메라를 이용하여 진입 금지 차량을 검출하는 장치 및 방법
1020210164872,20211125,leeandmok,리앤목특허법인,,화장료의 표면 인쇄를 위한 잉크 조성물 및 이를 이용한 화장료의 표면 인쇄 방법
1020210163628,20211124,leeandmok,리앤목특허법인,,공간특성정보를 생성하는 방법 및 그 장치
1020210161758,20211122,leeandmok,리앤목특허법인,,표시 장치의 제조장치 및 표시 장치의 제조방법
1020210161382,20211122,leeandmok,리앤목특허법인,,락토바실러스 사케이 AMP 5104 균주 및 이의 용도
1020210157098,20211115,leeandmok,리앤목특허법인,,"노이즈 제거 방법, 노이즈 제거 장치 및 상기 방법을 실행시키기 위하여 기록매체에 저장된 컴퓨터 프로그램"
1020210155886,20211112,leeandmok,리앤목특허법인,,포장박스 추천 방법 및 그 장치
1020210154629,20211111,leeandmok,리앤목특허법인,,입력장치
1020227015786,20211109,jang,장수길,,도금 장치
1020210153264,20211109,leeandmok,리앤목특허법인,,위상배열 안테나
1020210153257,20211109,leeandmok,리앤목특허법인,,독립운전 시 수소설비가 있는 전력 커뮤니티를 위한 에너지 제어 시스템
1020210152439,20211108,leeandmok,리앤목특허법인,,고효율 플리커-프리 조명 기기
1020210151182,20211105,leeandmok,리앤목특허법인,,"마그놀올, 호노키올, 또는 이의 조합을 포함하는 피부 외용제용 보존제 및 이를 포함하는 화장료 조성물"
1020227030958,20211104,jang,장수길,,도금 장치 및 기판 세정 방법
1020210150863,20211104,leeandmok,리앤목특허법인,,창문에 필터와 환기 팬을 장착하는 환기 시스템
1020210150862,20211104,leeandmok,리앤목특허법인,,열회수 환기장치에 부가되는 공조기를 구비한 공조 시스템
1020210148957,20211102,leeandmok,리앤목특허법인,,높은 LED 활용도를 제공하는 장치 및 이를 포함하는 조명 기기
1020210148132,20211101,leeandmok,리앤목특허법인,,잔여물 없이 사용 가능한 화장품 용기
1020227033794,20211028,jang,장수길,,도금 장치
1020227025385,20211028,jang,장수길,,도금 장치
1020210145874,20211028,leeandmok,리앤목특허법인,,분리 가능한 전극이 구비된 비파괴 검사 장치용 자화 전극 장치
1020210145873,20211028,leeandmok,리앤목특허법인,,전극간 간격의 조절이 가능하고 인디케이터가 구비된 비파괴 검사 장치용 자화 전극 장치
1020210145872,20211028,leeandmok,리앤목특허법인,,자분 분사 구조가 구비된 비파괴 검사 장치용 자화 전극 장치
1020210145862,20211028,leeandmok,리앤목특허법인,,"인공 혈관, 및 이의 제조 방법"
1020210145861,20211028,leeandmok,리앤목특허법인,,"인공 혈관, 및 이의 제조 방법"
1020210144981,20211027,leeandmok,리앤목특허법인,,안정성 및 용해성이 향상된 화장료 조성물 및 이를 이용한 클렌징 화장료 조성물
1020210144029,20211026,leeandmok,리앤목특허법인,,크레인 형태의 자동제어식 안전 발판 장치
1020210144015,20211026,leeandmok,리앤목특허법인,,카리프트 안전운전 시스템
1020210144004,20211026,leeandmok,리앤목특허법인,,동박적층필름 및 이를 포함하는 전자소자
1020210141371,20211021,leeandmok,리앤목특허법인,,"배출가스로부터 에틸아세테이트, 황화수소 및 암모니아를 포함하는 유해가스의 동시 처리 방법"
1020210141366,20211021,leeandmok,리앤목특허법인,,"메모리 장치, 전자 장치 및 메모리 장치의 동작 방법"
1020210140494,20211020,leeandmok,리앤목특허법인,,"분자 아형 산출 장치, 질환에 대한 분자 아형 개수를 산출하는 방법 및 상기 방법을 실행하기 위한 컴퓨터 프로그램"
1020227029289,20211018,jang,장수길,,도금 방법 및 도금 장치
1020227029287,20211018,jang,장수길,,도금 처리 방법
1020210138599,20211018,leeandmok,리앤목특허법인,,"심전도 데이터 처리 서버, 심전도 신호에 대한 분석데이터를 디스플레이시키는 방법 및 컴퓨터 프로그램"
1020210138595,20211018,leeandmok,리앤목특허법인,,"레이저 발진 장치, 레이저 발진 방법 및 상기 방법을 실행시키기 위하여 기록매체에 저장된 컴퓨터 프로그램"
1020210136823,20211014,leeandmok,리앤목특허법인,,배터리 진단 방법 및 그 장치
1020210135938,20211013,leeandmok,리앤목특허법인,,"심전도 데이터 처리 서버, 대상체의 심전도 신호에 대한 분석 데이터를 생성하여 처리하는 방법 및 컴퓨터 프로그램"
1020210135306,20211012,leeandmok,리앤목특허법인,,열 회수 장치 및 이를 포함하는 연료 전지 시스템
1020210134475,20211008,leeandmok,리앤목특허법인,,"상품 보관 방법, 상품 보관 시스템 및 상기 방법을 실행시키기 위하여 기록매체에 저장된 컴퓨터 프로그램"
1020210134472,20211008,leeandmok,리앤목특허법인,,회전조작변환 장치
1020210134453,20211008,leeandmok,리앤목특허법인,,반도체 칩 테스트 소켓
1020210134452,20211008,leeandmok,리앤목특허법인,,"심전도 데이터 처리 서버, 심전도의 분석에 필요한 예상분석시간을 산출하는 방법 및 컴퓨터 프로그램"
1020210134451,20211008,leeandmok,리앤목특허법인,,"심전도 데이터 처리 서버, 분석 조건에 해당하는 신호 구간에 대한 분석 작업을 처리하는 방법 및 컴퓨터 프로그램"
1020210133455,20211007,leeandmok,리앤목특허법인,,판토에아 아나나티스 균주 및 그의 피부 상태 개선 용도
1020210132687,20211006,leeandmok,리앤목특허법인,,"영상 전환 방법, 장치 및 컴퓨터 프로그램"
1020210131145,20211001,leeandmok,리앤목특허법인,,투명 치아 교정 장치의 제조방법 및 그 방법에 의해 제조된 투명 치아 교정 장치
1020210130306,20210930,leeandmok,리앤목특허법인,,릴투릴 회로 기판 제조 장치
1020210130303,20210930,leeandmok,리앤목특허법인,,릴투릴 회로 기판 제조 장치
1020210128980,20210929,leeandmok,리앤목특허법인,,"전기식 기폭 장치, 전기식 기폭 방법 및 상기 방법을 실행시키기 위하여 기록매체에 저장된 컴퓨터 프로그램"
1020210128957,20210929,leeandmok,리앤목특허법인,,릴투릴 면압 프레스 장치
1020210128949,20210929,leeandmok,리앤목특허법인,,"전기식 기폭 장치, 전기식 기폭 방법 및 상기 방법을 실행시키기 위하여 기록매체에 저장된 컴퓨터 프로그램"
1020227027989,20210928,jang,장수길,,도금 장치
1020210128341,20210928,leeandmok,리앤목특허법인,,"SAR 요동 보상을 위한 위치 추정 방법, 위치 추정 장치 및 상기 방법을 실행시키기 위하여 기록매체에 저장된 컴퓨터 프로그램"
1020210127418,20210927,leeandmok,리앤목특허법인,,"병풀 유래 락토바실러스 플란타룸 BCRC-L43 균주 및 그의 항염증, 항알레르기, 피부 미생물 조절, 피부 진정 용도"
1020210127413,20210927,leeandmok,리앤목특허법인,,"SAR 영상의 위상 오차 보정 방법, 위상 오차 보정 장치 및 상기 방법을 실행시키기 위하여 기록매체에 저장된 컴퓨터 프로그램"
1020210127411,20210927,leeandmok,리앤목특허법인,,소형 무인기의 자동 비행을 위한 제어 방법 및 시스템
1020210126997,20210927,jang,장수길,,압축기 유닛 및 압축기 유닛 제어용 프로그램
1020210126545,20210924,leeandmok,리앤목특허법인,,단추형 지압구
1020210125210,20210917,leeandmok,리앤목특허법인,,임피던스 측정장치 및 그 방법
1020210124282,20210916,leeandmok,리앤목특허법인,,지상국과 위성의 시간 동기를 위한 장치 및 방법
1020210124276,20210916,leeandmok,리앤목특허법인,,생체 신호 감지 반지를 이용한 생체 데이터 모니터링 플랫폼
1020210124274,20210916,leeandmok,리앤목특허법인,,PPG 신호 감지 반지를 이용한 딥러닝 기반 혈압 추정 시스템
1020210124272,20210916,leeandmok,리앤목특허법인,,스마트 링 테스트 장치 및 방법
1020210124271,20210916,leeandmok,리앤목특허법인,,배터리 가공장치
1020210123227,20210915,leeandmok,리앤목특허법인,,아우터링 가공장치
1020210123226,20210915,leeandmok,리앤목특허법인,,아우터링 가공장치
1020210123172,20210915,leeandmok,리앤목특허법인,,생체신호를 감지하는 감지기구 테스트용 신호전달장치
1020210123171,20210915,leeandmok,리앤목특허법인,,생체신호를 감지하는 감지기구 테스트용 신호전달장치
1020210123164,20210915,leeandmok,리앤목특허법인,,아우터링 가공장치
1020210122780,20210914,leeandmok,리앤목특허법인,,비파괴 검사용 자동 스캐너 차체의 바퀴 구조
1020210122779,20210914,leeandmok,리앤목특허법인,,비파괴 검사용 침투 탐상제 도포를 위한 스펀지 노즐 보조 장치
1020210122777,20210914,leeandmok,리앤목특허법인,,전극간 간격의 조절이 가능한 비파괴 검사 장치용 자화 전극 장치
1020210122776,20210914,leeandmok,리앤목특허법인,,비파괴 검사용 자분 자동 분사 및 자화 장치
1020210122770,20210914,leeandmok,리앤목특허법인,,파이프 융착기의 융착 데이터 관리 시스템 및 방법
1020210122767,20210914,leeandmok,리앤목특허법인,,BEMS 기반으로 히트 펌프들의 운용 스케줄을 결정 위한 장치 및 방법
1020210122075,20210913,leeandmok,리앤목특허법인,,높은 전력 효율을 제공하는 LED 구동 장치 및 이를 포함하는 조명 기기
1020210122073,20210913,leeandmok,리앤목특허법인,,터널형 세차기의 컨베이어 커버 소음 감소 장치
1020227015224,20210910,jang,장수길,,도금 장치 및 린스 처리 방법
1020210121177,20210910,leeandmok,리앤목특허법인,,착화 장치용 점화제 및 그 제조 방법
1020210119103,20210907,leeandmok,리앤목특허법인,,Oil/IPDI공중합체를 포함하고 피부 도포시 가역적인 상전이 성질을 지니는 화장료 조성물 및 이를 제조하는 방법
1020210119102,20210907,leeandmok,리앤목특허법인,,다당류 점증제를 포함하는 자외선 차단용 화장료 조성물 및 이를 제조하는 방법
1020210118115,20210906,jang,장수길,,"핵 재료, 전자 부품 및 범프 전극의 형성 방법"
1020210117942,20210903,leeandmok,리앤목특허법인,,프로세싱부를 포함하는 이종 메모리 시스템을 억세스하는 데이터 처리 시스템 및 방법
1020210115030,20210830,leeandmok,리앤목특허법인,,LNG 냉열을 이용하여 복수의 보조냉매를 냉각시키는 냉각 시스템
1020210114252,20210827,leeandmok,리앤목특허법인,,성능 조정 동작을 수행하는 메모리 시스템
1020210113468,20210826,leeandmok,리앤목특허법인,,배기가스 처리 장치 및 배기가스 처리 방법
1020210113398,20210826,leeandmok,리앤목특허법인,,"알칼리 배기가스 흡착제 제조용 조성물, 알칼리 배기가스 흡착제 및 그의 제조방법"
1020210113395,20210826,leeandmok,리앤목특허법인,,"항공기 경로 추적 방법, 장치 및 상기 방법을 실행시키기 위하여 기록매체에 저장된 컴퓨터 프로그램"
1020210111915,20210824,leeandmok,리앤목특허법인,,투습방수성 의류의 일괄 제조방법 및 그 방법에 의해 제조된 투습방수성 의류
1020210111750,20210824,leeandmok,리앤목특허법인,,극저온 탱크의 스프레이 마감장치 및 이의 시공방법
1020210111748,20210824,leeandmok,리앤목특허법인,,텍스트 및 이미지를 활용한 문장 교정 장치 및 방법
1020210109640,20210819,leeandmok,리앤목특허법인,,배기가스 처리 장치 및 배기가스 처리 방법
1020210108959,20210818,leeandmok,리앤목특허법인,,배기가스 처리 장치 및 배기가스 처리 방법
1020210108626,20210818,leeandmok,리앤목특허법인,,IC 칩 스캔 테스트를 위한 테스트 데이터의 사용 가능한 쉬프트 주파수를 찾기 위한 검색용 데이터를 생성하는 방법 및 그 장치
1020210108297,20210817,leeandmok,리앤목특허법인,,"열전지용 양극, 이를 포함하는 열전지 및 그 제조 방법"
1020210108185,20210817,leeandmok,리앤목특허법인,,직류 모터용 스테이터 및 그 스테이터를 포함한 직류 모터
1020210108179,20210817,leeandmok,리앤목특허법인,,"최적 독출 레벨을 산출하는 메모리 컨트롤러, 이를 포함하는 메모리 시스템 및 메모리 컨트롤러의 동작방법"
1020210107615,20210813,leeandmok,리앤목특허법인,,장외주식 담보 대출을 위한 장치 및 방법
1020210107610,20210813,leeandmok,리앤목특허법인,,무게 측정 장치 및 방법
1020210106950,20210812,leeandmok,리앤목특허법인,,배변패드용 패드봉 및 이를 구비하는 반려동물용 배변처리기
1020210105814,20210811,leeandmok,리앤목특허법인,,양자 광-마이크로파 상호 변환 장치
1020210104757,20210809,leeandmok,리앤목특허법인,,고도로 중화된 저경도 고탄성 에틸렌-불포화 카르복실산 공중합체 및 일작용성 지방족 유기산 금속염을 포함하는 열가소성 중합체 조성물 및 골프공 제조에서의 이의 용도
1020210103738,20210806,leeandmok,리앤목특허법인,,콘크리트용 혼화제 조성물 및 이를 포함하는 콘크리트
1020210102021,20210803,leeandmok,리앤목특허법인,,"산성가스 흡착제 제조용 조성물, 산성가스 흡착제 및 그의 제조방법"
1020210100133,20210729,leeandmok,리앤목특허법인,,"적외선 영상 데이터 획득 방법, 적외선 영상 데이터 획득 장치 및 상기 방법을 실행시키기 위하여 기록매체에 저장된 컴퓨터 프로그램"
1020210098965,20210728,jang,장수길,,땜납 합금
1020210097190,20210723,leeandmok,리앤목특허법인,,리튬 이차전지 시스템 및 이의 자가 충방전 방법
1020210097185,20210723,leeandmok,리앤목특허법인,,"영상 데이터 획득 방법, 영상 데이터 획득 장치 및 상기 방법을 실행시키기 위하여 기록매체에 저장된 컴퓨터 프로그램"
1020210097183,20210723,leeandmok,리앤목특허법인,,"로컬 디밍을 위한 LED 드라이버, 발광 모듈 및 디스플레이 장치"
1020210096723,20210722,leeandmok,리앤목특허법인,,접이식 상자
1020210094920,20210720,leeandmok,리앤목특허법인,,잠재적 고객의 예측 방법 및 그 시스템
1020210094540,20210720,jang,장수길,,낚싯대 부속품용 부속품 고정구 및 부속품 고정 방법
1020210093712,20210716,leeandmok,리앤목특허법인,,상대매매 방식 거래를 지원하는 장치 및 방법
1020210093134,20210715,leeandmok,리앤목특허법인,,"핫 스탬핑 부품, 및 이의 제조 방법"
1020210092595,20210715,jang,장수길,,치과용 국소 마취액
1020210082025,20210624,jang,장수길,,낚싯대끝 보호구 및 이를 포함하는 낚싯대
1020227015787,20210617,jang,장수길,,저항체 및 도금 장치
1020227011285,20210531,jang,장수길,,프리웨트 모듈 및 프리웨트 방법
1020210052263,20210422,jang,장수길,,터미널 태클용 연결구
1020210047023,20210412,jang,장수길,,압축기 유닛
1020217036530,20210407,jang,장수길,,결정화 유리 및 화학 강화 유리
1020210036406,20210322,jang,장수길,,세정용 플럭스 및 세정용 솔더 페이스트
1020210033235,20210315,jang,장수길,,압축기 유닛의 정지 제어 방법 및 압축기 유닛
1020217040946,20210310,jang,장수길,,도금 장치 및 기포 제거 방법
1020217037948,20210310,jang,장수길,,도금 장치 및 도금 방법
1020217039572,20210225,jang,장수길,,도금 장치 및 도금 장치의 기포 제거 방법
1020217035358,20210222,jang,장수길,,도금 장치
1020217034719,20210120,jang,장수길,,도금 장치 및 기판의 막 두께 측정 방법
1020210003869,20210112,jang,장수길,,플럭스 및 솔더 페이스트
1020210002310,20210108,jang,장수길,,측정 장치 및 성막 장치
1020217033247,20201228,jang,장수길,,도금 장치 및 도금 장치의 동작 제어 방법
1020217033189,20201223,jang,장수길,,도금 장치 및 도금 처리 방법
1020217034766,20201222,jang,장수길,,"도금 장치, 프리웨트 처리 방법 및 세정 처리 방법"
1020217031345,20201221,jang,장수길,,도금 장치 및 도금액의 교반 방법
1020200175201,20201215,jang,장수길,,낚시용 걸이구 및 이를 포함하는 낚싯대
1020217033161,20201209,jang,장수길,,"도금 장치, 및 기판 홀더 조작 방법"
1020217039574,20201208,jang,장수길,,도금 장치 및 도금 처리 방법
1020217027515,20201116,jang,장수길,,"플레이트, 도금 장치 및 플레이트의 제조 방법"
1020200105284,20200821,jang,장수길,,낚싯줄 가이드 및 낚싯줄 가이드를 포함하는 낚싯대
1020200054324,20200507,jang,장수길,,압축기 유닛
1020200046448,20200417,jang,장수길,,낚싯줄 통과구 및 낚싯줄 통과구의 제조 방법
1020200028780,20200309,jang,장수길,,"땜납 합금, 땜납 볼, 땜납 프리폼, 땜납 페이스트 및 납땜 조인트"
1020200023471,20200226,jang,장수길,,"송신 디바이스, 통신 시스템, 송신 방법, 및 비일시적 컴퓨터 판독가능 기록 매체"
1020200017384,20200213,jang,장수길,,압축기 유닛 및 압축기 유닛의 정지 방법
1020200009377,20200123,jang,장수길,,보정 기능을 구비한 광학 유닛
1020200008625,20200122,jang,장수길,,낚싯줄 청소 도구
1020190168755,20191217,jang,장수길,,릴 시트 및 이를 구비하는 낚싯대
1020190168754,20191217,jang,장수길,,릴 시트 및 이를 구비하는 낚싯대
